"0","# main.R"
"0",""
"0","source(""currencies.R"")"
"0",""
"0","# Define file paths"
"0","input_file <- ""C:/Users/BRAILER/Downloads/EUR_USDHistoricalData.csv"""
"0","output_file <- ""C:/Users/BRAILER/Downloads/cleaned_data.xlsx"""
"0",""
"0","# Clean the CSV file"
"0","cleaned_data <- clean_csv_file("
"0","  file_path = input_file,"
"0","  na_values = c("""", ""NA"", ""N/A"", ""-""),"
"0","  # date_column_name = ""date"", # Specify the exact name of the date column in the dataset"
"0","  # date_format = ""%Y-%m-%d"", # Adjust this based on the date format in your dataset"
"0","  output_path = output_file"
"0",")"
"2","Error in charToDate(x) : 
  character string is not in a standard unambiguous format
"
